{
  "main": {
    "id": "54587fe22b36527b",
    "type": "split",
    "children": [
      {
        "id": "6348f4ab6f29b0c3",
        "type": "tabs",
        "children": [
          {
            "id": "6a6b0ca90e5dd14e",
            "type": "leaf",
            "state": {
              "type": "markdown",
              "state": {
                "file": "general details/timeline.md",
                "mode": "source",
                "source": false
              }
            }
          },
          {
            "id": "e6ae9e2c2ba1dcd6",
            "type": "leaf",
            "state": {
              "type": "markdown",
              "state": {
                "file": "general details/'shadows'/mother/about her!.md",
                "mode": "source",
                "source": false
              }
            }
          },
          {
            "id": "c08d863316e93ad8",
            "type": "leaf",
            "state": {
              "type": "markdown",
              "state": {
                "file": "general details/'shadows'/mother/personality.md",
                "mode": "source",
                "source": false
              }
            }
          },
          {
            "id": "2457920b9c225cc0",
            "type": "leaf",
            "state": {
              "type": "markdown",
              "state": {
                "file": "general details/'shadows'/father/about him.md",
                "mode": "source",
                "source": false
              }
            }
          },
          {
            "id": "1e727b06f3b73420",
            "type": "leaf",
            "state": {
              "type": "markdown",
              "state": {
                "file": "general details/'shadows'/father/about him.md",
                "mode": "source",
                "source": false
              }
            }
          },
          {
            "id": "b9b4d6984dbac0ab",
            "type": "leaf",
            "state": {
              "type": "markdown",
              "state": {
                "file": "general details/'shadows'/father/personality.md",
                "mode": "source",
                "source": false
              }
            }
          },
          {
            "id": "f259ccca3663cc07",
            "type": "leaf",
            "state": {
              "type": "markdown",
              "state": {
                "file": "general details/vixy/his friends/Ebony (drummer)/about her.md",
                "mode": "source",
                "source": false
              }
            }
          },
          {
            "id": "70baf35a3c6dd855",
            "type": "leaf",
            "state": {
              "type": "markdown",
              "state": {
                "file": "general details/Celeste/likes-dislikes.md",
                "mode": "source",
                "source": false
              }
            },
            "group": "1bdf477f1107cd87"
          },
          {
            "id": "7aca76d77f80aeea",
            "type": "leaf",
            "state": {
              "type": "markdown",
              "state": {
                "file": "general details/vixy/his friends/Madeline/about her!.md",
                "mode": "source",
                "source": false
              }
            }
          },
          {
            "id": "bf2590ee1a2549dd",
            "type": "leaf",
            "state": {
              "type": "markdown",
              "state": {
                "file": "general details/vixy/his friends/Ebony (drummer)/about her.md",
                "mode": "source",
                "source": false
              }
            }
          }
        ],
        "currentTab": 9
      },
      {
        "id": "84e0be0e92108e63",
        "type": "tabs",
        "children": [
          {
            "id": "192ed450b7402b71",
            "type": "leaf",
            "state": {
              "type": "localgraph",
              "state": {
                "file": "general details/Celeste/likes-dislikes.md",
                "options": {
                  "collapse-filter": true,
                  "search": "",
                  "localJumps": 1,
                  "localBacklinks": true,
                  "localForelinks": true,
                  "localInterlinks": false,
                  "showTags": false,
                  "showAttachments": false,
                  "hideUnresolved": false,
                  "collapse-color-groups": true,
                  "colorGroups": [],
                  "collapse-display": true,
                  "showArrow": false,
                  "textFadeMultiplier": 0,
                  "nodeSizeMultiplier": 1,
                  "lineSizeMultiplier": 1,
                  "collapse-forces": true,
                  "centerStrength": 0.518713248970312,
                  "repelStrength": 10,
                  "linkStrength": 1,
                  "linkDistance": 250,
                  "scale": 3.1553353355314178,
                  "close": false
                }
              }
            },
            "group": "1bdf477f1107cd87"
          }
        ]
      },
      {
        "id": "a9b9248c5b7a3551",
        "type": "tabs",
        "children": [
          {
            "id": "51c14ff1e9c3a0cc",
            "type": "leaf",
            "state": {
              "type": "localgraph",
              "state": {
                "file": "general details/Celeste/likes-dislikes.md",
                "options": {
                  "collapse-filter": true,
                  "search": "",
                  "localJumps": 1,
                  "localBacklinks": true,
                  "localForelinks": true,
                  "localInterlinks": false,
                  "showTags": false,
                  "showAttachments": false,
                  "hideUnresolved": false,
                  "collapse-color-groups": true,
                  "colorGroups": [],
                  "collapse-display": true,
                  "showArrow": false,
                  "textFadeMultiplier": 0,
                  "nodeSizeMultiplier": 1,
                  "lineSizeMultiplier": 1,
                  "collapse-forces": true,
                  "centerStrength": 0.518713248970312,
                  "repelStrength": 10,
                  "linkStrength": 1,
                  "linkDistance": 250,
                  "scale": 1,
                  "close": false
                }
              }
            },
            "group": "1bdf477f1107cd87"
          }
        ]
      }
    ],
    "direction": "vertical"
  },
  "left": {
    "id": "af47efabcdb5d576",
    "type": "mobile-drawer",
    "children": [
      {
        "id": "6cdffda345065ad6",
        "type": "leaf",
        "state": {
          "type": "file-explorer",
          "state": {
            "sortOrder": "alphabetical"
          }
        }
      },
      {
        "id": "0a8570405c267a2d",
        "type": "leaf",
        "state": {
          "type": "search",
          "state": {
            "query": "",
            "matchingCase": false,
            "explainSearch": false,
            "collapseAll": false,
            "extraContext": false,
            "sortOrder": "alphabetical"
          }
        }
      },
      {
        "id": "2ae52a747d61c31e",
        "type": "leaf",
        "state": {
          "type": "tag",
          "state": {
            "sortOrder": "frequency",
            "useHierarchy": true
          }
        }
      },
      {
        "id": "5c414aec0dec3a28",
        "type": "leaf",
        "state": {
          "type": "bookmarks",
          "state": {}
        }
      }
    ],
    "currentTab": 0
  },
  "right": {
    "id": "1da8a93fafab95da",
    "type": "mobile-drawer",
    "children": [
      {
        "id": "75126de4f9cf7a56",
        "type": "leaf",
        "state": {
          "type": "backlink",
          "state": {
            "file": "general details/vixy/his friends/Ebony (drummer)/about her.md",
            "collapseAll": false,
            "extraContext": false,
            "sortOrder": "alphabetical",
            "showSearch": false,
            "searchQuery": "",
            "backlinkCollapsed": false,
            "unlinkedCollapsed": false
          }
        }
      },
      {
        "id": "4d06a17b8873dda8",
        "type": "leaf",
        "state": {
          "type": "outgoing-link",
          "state": {
            "file": "general details/vixy/his friends/Ebony (drummer)/about her.md",
            "linksCollapsed": false,
            "unlinkedCollapsed": true
          }
        }
      },
      {
        "id": "ccfe812acb5de19a",
        "type": "leaf",
        "state": {
          "type": "outline",
          "state": {
            "file": "general details/vixy/his friends/Ebony (drummer)/about her.md"
          }
        }
      }
    ],
    "currentTab": 0
  },
  "left-ribbon": {
    "hiddenItems": {
      "switcher:Open quick switcher": false,
      "graph:Open graph view": false,
      "canvas:Create new canvas": false,
      "daily-notes:Open today's daily note": false,
      "templates:Insert template": false,
      "command-palette:Open command palette": false
    }
  },
  "active": "bf2590ee1a2549dd",
  "lastOpenFiles": [
    "general details/vixy/his friends/Madeline/likes-dislikes.md",
    "general details/vixy/his friends/Ebony (drummer)/about her.md",
    "general details/timeline.md",
    "general details/vixy/his friends/Madeline/about her!.md",
    "general details/'shadows'/mother/about her!.md",
    "general details/'shadows'/father/about him.md",
    "general details/Celeste/about them!.md",
    "general details/vixy/about him!.md",
    "img/1588687_mXnCb8h1.png",
    "img/1588687_7RhNmabO.png",
    "img/1588687_DGk6A8if.png",
    "general details/vixy/backstory.md",
    "img/1588687_JMa6Slj6.png",
    "img/1588687_ylgWYr1w.png",
    "img/1588687_3uLaoh0W.png",
    "img/1588687_my5YrKdD.png",
    "img/1588687_0MLmy0at.png",
    "img/1588687_YYnwIUcz.png",
    "general details/vixy/his friends/arthur/about him!.md",
    "general details/vixy/his friends/arthur/likes-dislikes.md",
    "img/1588687_MyMeVwKD.png",
    "general details/vixy/his friends/Ebony (drummer)/personality.md",
    "general details/vixy/his friends/Ebony (drummer)/likes-dislikes.md",
    "general details/vixy/likes-dislikes.md",
    "general details/Celeste/likes-dislikes.md",
    "general details/Celeste/backstory.md",
    "general details/vixy/his friends/Madeline",
    "general details/vixy/his friends/friend 1 (unnamed for now)/Untitled",
    "general details/vixy/his friends/arthur",
    "general details/'shadows'/mother/likes-dislikes.md",
    "general details/'shadows'/father/backstory.md",
    "general details/'shadows'/father/personality.md",
    "book details/general story direction.md",
    "book details/chapter roadmap.md",
    "general details/vixy/personality.md",
    "general details/Celeste/personality.md",
    "general details/'shadows'/mother/personality.md",
    "general details/'shadows'/mother/backstory.md",
    "general details/vixy/friends",
    "general details/vixy/friends/Ebony (drummer)",
    "about her",
    "general details/vixy/his friends",
    "general details/vixy/his friends/Ebony (drummer)",
    "Untitled 1",
    "backstory"
  ]
}